{"cameraMode":{"drawMode":0,"name":"Shaded","section":"Shading Mode"},"sceneLighting":true,"audioPlay":false,"sceneViewState":{"m_AlwaysRefresh":false,"showFog":true,"showSkybox":true,"showFlares":true,"showImageEffects":true,"showParticleSystems":true,"showVisualEffectGraphs":true,"m_FxEnabled":true},"in2DMode":false,"pivot":{"x":0.2647845149040222,"y":0.16567890346050263,"z":-0.2865869402885437},"rotation":{"x":-0.03178185224533081,"y":0.7972715497016907,"z":-0.04214503616094589,"w":-0.6013215184211731},"size":2.361783981323242,"orthographic":false}